{"cameraMode":{"drawMode":0,"name":"Shaded","section":"Shading Mode"},"sceneLighting":false,"audioPlay":false,"sceneViewState":{"showFog":true,"showMaterialUpdate":false,"showSkybox":true,"showFlares":true,"showImageEffects":true,"showParticleSystems":true},"in2DMode":false,"pivot":{"x":-1.8615634441375733,"y":-9.908452987670899,"z":-17.529829025268556},"rotation":{"x":0.012158403173089028,"y":-0.9608047604560852,"z":0.2736852765083313,"w":0.0426858551800251},"size":22.0,"orthographic":false}