{"cameraMode":{"drawMode":0,"name":"Shaded","section":"Shading Mode"},"sceneLighting":false,"audioPlay":false,"sceneViewState":{"showFog":true,"showMaterialUpdate":false,"showSkybox":true,"showFlares":true,"showImageEffects":true,"showParticleSystems":true},"in2DMode":false,"pivot":{"x":-21.245014190673829,"y":0.9494880437850952,"z":-25.304027557373048},"rotation":{"x":-0.10379411280155182,"y":0.8947046995162964,"z":-0.2785394787788391,"w":-0.33340150117874148},"size":5.755425930023193,"orthographic":false}