{"cameraMode":{"drawMode":0,"name":"Shaded","section":"Shading Mode"},"sceneLighting":false,"audioPlay":false,"sceneViewState":{"showFog":true,"showMaterialUpdate":false,"showSkybox":true,"showFlares":true,"showImageEffects":true,"showParticleSystems":true},"in2DMode":false,"pivot":{"x":-24.11563491821289,"y":-3.0446417331695558,"z":-24.40475845336914},"rotation":{"x":-0.294414222240448,"y":0.6507140398025513,"z":-0.3038097620010376,"w":-0.6305853128433228},"size":5.755425930023193,"orthographic":false}