{"cameraMode":{"drawMode":0,"name":"Shaded","section":"Shading Mode"},"sceneLighting":false,"audioPlay":false,"sceneViewState":{"showFog":true,"showMaterialUpdate":false,"showSkybox":true,"showFlares":true,"showImageEffects":true,"showParticleSystems":true},"in2DMode":false,"pivot":{"x":-4.357600688934326,"y":-3.376357078552246,"z":1.3764044046401978},"rotation":{"x":-0.24915659427642823,"y":0.5984500646591187,"z":-0.20319470763206483,"w":-0.7338652610778809},"size":11.802714347839356,"orthographic":false}