{"cameraMode":{"drawMode":0,"name":"Shaded","section":"Shading Mode"},"sceneLighting":false,"audioPlay":false,"sceneViewState":{"showFog":true,"showMaterialUpdate":false,"showSkybox":true,"showFlares":true,"showImageEffects":true,"showParticleSystems":true},"in2DMode":false,"pivot":{"x":-0.1799793690443039,"y":0.6940692663192749,"z":0.24717898666858674},"rotation":{"x":-0.0051218303851783279,"y":0.8985122442245483,"z":-0.4393760859966278,"w":-0.011336897499859333},"size":2.3334522247314455,"orthographic":false}